{
	"_metaName": "Xmas",
	"_metaResolution": [800, 600],
	"_metaTextDefaults":
		{
			"_textDefaultsPosition": [300,300],
			"_textDefaultsSize": 12,
			"_textDefaultsColor": [0,0,0],
			"_textDefaultsFontAsset": "MountainsofChristmas-Bold.ttf",
			"_textDefaultsScrollbox": true
		},
	"_metaCursorDefaults":
		{
			"_cursorDefaultsHover":
				{
					"_cursorSpecCursorAsset": "hover.png",
					"_cursorSpecHotspot": [1,1]
				},
			"_cursorDefaultsNormal":
				{
					"_cursorSpecCursorAsset": "normal.png",
					"_cursorSpecHotspot": [1,1]
				}
		}
}
